install_date,temporary,common_name,locked,place_id,removal_date,terminal_name,installed
1278947280000,false,"River Street , Clerkenwell",false,BikePoints_1,,001023,true
1278585780000,false,"Phillimore Gardens, Kensington",false,BikePoints_2,,001018,true
1278240360000,false,"Christopher Street, Liverpool Street",false,BikePoints_3,,001012,true
1278241080000,false,"St. Chad's Street, King's Cross",false,BikePoints_4,,001013,true
1278241440000,false,"Sedding Street, Sloane Square",false,BikePoints_5,,003420,true
1278241680000,false,"Broadcasting House, Marylebone",false,BikePoints_6,,003424,true
1278241800000,false,"Charlbert Street, St. John's Wood",false,BikePoints_7,,003422,true
1540984560000,false,"Maida Vale, Maida Vale",false,BikePoints_8,,003423,true
1278242340000,false,"New Globe Walk, Bankside",false,BikePoints_9,,001015,true
1278242460000,false,"Park Street, Bankside",false,BikePoints_10,,001024,true
1278340440000,false,"Brunswick Square, Bloomsbury",false,BikePoints_11,,001022,true
1278340620000,false,"Malet Street, Bloomsbury",false,BikePoints_12,,000980,true
1278340800000,false,"Scala Street, Fitzrovia",false,BikePoints_13,,000970,true
1278341040000,false,"Belgrove Street , King's Cross",false,BikePoints_14,,001011,true
1278341220000,false,"Great Russell Street, Bloomsbury",false,BikePoints_15,,000988,true
1278341400000,false,"Cartwright Gardens , Bloomsbury",false,BikePoints_16,,001010,true
1278423720000,false,"Hatton Wall, Holborn",false,BikePoints_17,,001008,true
1278426300000,false,"Drury Lane, Covent Garden",false,BikePoints_18,,001007,true
1278426720000,false,"Taviton Street, Bloomsbury",false,BikePoints_19,,001009,true
1544659200000,false,"Drummond Street , Euston",false,BikePoints_20,,000993,true
1278427740000,false,"Lansdowne Drive, Hackney Central",false,BikePoints_21,,003426,true
1278428880000,false,"Northington Street , Holborn",false,BikePoints_22,,003425,true
1278429300000,false,"Red Lion Square, Holborn",false,BikePoints_23,,003421,true
1278430140000,false,"British Museum, Bloomsbury",false,BikePoints_24,,000981,true
1278433200000,false,"Doric Way , Somers Town",false,BikePoints_25,,001004,true
1278434160000,false,"Ampton Street , Clerkenwell",false,BikePoints_26,,001019,true
1278500160000,false,"Bouverie Street, Temple",false,BikePoints_27,,001021,true
1278500460000,false,"Bolsover Street, Fitzrovia",false,BikePoints_28,,001025,true
1278501180000,false,"Hereford Road, Bayswater",false,BikePoints_29,,001016,true
1278501420000,false,"Windsor Terrace, Hoxton",false,BikePoints_30,,001029,true
1278501600000,false,"Fanshaw Street, Hoxton",false,BikePoints_31,,003427,true
1278506700000,false,"Leonard Circus , Shoreditch",false,BikePoints_32,,001020,true
1278506940000,false,"Central House, Aldgate",false,BikePoints_33,,003430,true
1278507060000,false,"Pancras Road, King's Cross",false,BikePoints_34,,003428,true
1278519900000,false,"De Vere Gardens, Kensington",false,BikePoints_36,,003446,true
1278520020000,false,"Penywern Road, Earl's Court",false,BikePoints_37,,003444,true
1278584880000,false,"Abingdon Villas, Kensington",false,BikePoints_38,,003442,true
1278601740000,false,"Shoreditch High Street, Shoreditch",false,BikePoints_39,,003445,true
1278601980000,false,"Commercial Street, Shoreditch",false,BikePoints_40,,001083,true
1278602280000,false,"Pindar Street, Liverpool Street",false,BikePoints_41,,001084,true
1278602700000,false,"Wenlock Road , Hoxton",false,BikePoints_42,,000979,true
1278687720000,false,"Crawford Street, Marylebone",false,BikePoints_43,,001036,true
1278687900000,false,"Bruton Street, Mayfair",false,BikePoints_44,,001034,true
1278691320000,false,"Boston Place, Marylebone",false,BikePoints_45,,001035,true
1278691800000,false,"Nesham Street, Wapping",false,BikePoints_46,,001031,true
1278749160000,false,"Warwick Avenue Station, Maida Vale",false,BikePoints_47,,001027,true
1278749460000,false,"Godliman Street, St. Paul's",false,BikePoints_48,,000971,true
1278749940000,false,"Curzon Street, Mayfair",false,BikePoints_49,,003437,true
1278750240000,false,"East Road, Hoxton",false,BikePoints_50,,001054,true
1278750540000,false,"Finsbury Library , Finsbury",false,BikePoints_51,,000986,true
1278750840000,false,"Roscoe Street, St. Luke's",false,BikePoints_52,,001026,true
1278752580000,false,"Grafton Street, Mayfair",false,BikePoints_53,,003431,true
1278766740000,false,"Golden Lane, Barbican",false,BikePoints_54,,000967,true
1278766980000,false,"Finsbury Circus, Liverpool Street",false,BikePoints_55,,000984,true
1278767460000,false,"Guilford Street , Bloomsbury",false,BikePoints_57,,000974,true
1278767700000,false,"New Inn Yard, Shoreditch",false,BikePoints_58,,001032,true
1278769140000,false,"Lisson Grove, St. John's Wood",false,BikePoints_60,,001030,true
1278773820000,false,"Great Dover Street, The Borough",false,BikePoints_61,,001017,true
1278773940000,false,"Cotton Garden Estate, Kennington",false,BikePoints_62,,000990,true
1278774120000,false,"Murray Grove , Hoxton",false,BikePoints_63,,000989,true
1278774300000,false,"William IV Street, Strand",false,BikePoints_64,,001028,true
1278845280000,false,"Holborn Circus, Holborn",false,BikePoints_66,,000982,true
1278847440000,false,"Hatton Garden, Holborn",false,BikePoints_67,,000985,true
1278857040000,false,"Theobald's Road , Holborn",false,BikePoints_68,,000975,true
1278861540000,false,"Euston Road, Euston",false,BikePoints_69,,000983,true
1278863340000,false,"Calshot Street , King's Cross",false,BikePoints_70,,001066,true
1278924900000,false,"Newgate Street , St. Paul's",false,BikePoints_71,,001074,true
1276948860000,false,"Farringdon Lane, Clerkenwell",false,BikePoints_72,,003432,true
1278941040000,false,"Old Street Station, St. Luke's",false,BikePoints_73,,001064,true
1278941160000,false,"Vauxhall Cross, Vauxhall",false,BikePoints_74,,001000,true
1278945180000,false,"Torrens Street, Angel",false,BikePoints_75,,001060,true
1278946560000,false,"Longford Street, The Regent's Park",false,BikePoints_76,,000976,true
1278946860000,false,"Russell Square Station, Bloomsbury",false,BikePoints_77,,000978,true
1278948480000,false,"Sadlers Sports Centre, Finsbury",false,BikePoints_78,,003433,true
1509018360000,false,"Arundel Street, Temple",false,BikePoints_79,,003455,true
1278952440000,false,"Webber Street , Southwark",false,BikePoints_80,,003448,true
1279012980000,false,"Great Titchfield Street, Fitzrovia",false,BikePoints_81,,003450,true
1279015680000,false,"Chancery Lane, Holborn",false,BikePoints_82,,003453,true
1279015800000,false,"Panton Street, West End",false,BikePoints_83,,003452,true
1279020240000,false,"Breams Buildings, Holborn",false,BikePoints_84,,003449,true
1280158740000,false,"Wellington Street , Strand",false,BikePoints_338,,001202,true
1280160600000,false,"Risinghill Street, Angel",false,BikePoints_339,,001127,true
1280248620000,false,"Bank of England Museum, Bank",false,BikePoints_340,,001201,true
1280222160000,false,"Craven Street, Strand",false,BikePoints_341,,001160,true
1280224260000,false,"London Zoo Car Park, The Regent's Park",false,BikePoints_343,,001188,true
1280226120000,false,"Goswell Road (City Uni), Finsbury",false,BikePoints_344,,001222,true
1280229720000,false,"Flood Street, Chelsea",false,BikePoints_345,,001218,true
1283762460000,false,"Lower Marsh, Waterloo",false,BikePoints_347,,001219,true
1284540540000,false,"Grosvenor Square, Mayfair",false,BikePoints_348,,010627,true
1284543120000,false,"St. George Street, Mayfair",false,BikePoints_349,,001221,true
1285756260000,false,"Queen's Gate, Kensington Gardens",false,BikePoints_350,,001231,true
1286790480000,false,"Macclesfield Rd, St Lukes",false,BikePoints_351,,001226,true
1286796360000,false,"Vauxhall Street, Vauxhall",false,BikePoints_352,,001224,true
1287652080000,false,"Greycoat Street , Westminster",false,BikePoints_353,,010623,true
,false,"Northumberland Avenue, Strand",false,BikePoints_354,,001097,true
1287752460000,false,"Clapham Common Station, Clapham Common",false,BikePoints_355,,002694,true
1288009080000,false,"South Kensington Station, South Kensington",false,BikePoints_356,,002685,true
1288092420000,false,"Howland Street, Fitzrovia",false,BikePoints_357,,002691,true
1290079860000,false,"High Holborn , Covent Garden",false,BikePoints_358,,001229,true
1288950960000,false,"Butler Place, Westminster",false,BikePoints_359,,002662,true
1288958160000,false,"Howick Place, Westminster",false,BikePoints_360,,002666,true
1291902600000,false,"Waterloo Station 2, Waterloo",false,BikePoints_361,,002692,true
1290080220000,false,"Royal College Street, Camden Town",false,BikePoints_362,,002686,true
1289911800000,false,"Lord's, St. John's Wood",false,BikePoints_363,,002665,true
1290080640000,false,"Store Street, Bloomsbury",false,BikePoints_364,,003507,true
1290603600000,false,"City Road, Angel",false,BikePoints_365,,002690,true
,false,"Harrowby Street, Marylebone",false,BikePoints_367,,002680,true
1291201680000,false,"Harriet Street, Knightsbridge",false,BikePoints_368,,002681,true
1291647300000,false,"Paddington Green, Paddington",false,BikePoints_370,,002670,true
1291712820000,false,"King Edward Walk, Waterloo",false,BikePoints_371,,002639,true
1291713000000,false,"Sardinia Street, Holborn",false,BikePoints_372,,002649,true
1295428320000,false,"Prince Consort Road, Knightsbridge",false,BikePoints_373,,003499,true
1291725720000,false,"Waterloo Station 1, Waterloo",false,BikePoints_374,,002696,true
1291805820000,false,"Kensington Town Hall, Kensington",false,BikePoints_375,,010632,true
1294660980000,false,"Millbank Tower, Pimlico",false,BikePoints_376,,002683,true
1295265420000,false,"Waterloo Bridge, South Bank",false,BikePoints_377,,002648,true
1296121500000,false,"Natural History Museum, South Kensington",false,BikePoints_378,,002677,true
1296121680000,false,"Turquoise Island, Notting Hill",false,BikePoints_379,,002682,true
1296125400000,false,"Stanhope Gate, Mayfair",false,BikePoints_380,,003506,true
1296203760000,false,"Charlotte Street, Fitzrovia",false,BikePoints_381,,002669,true
1297159320000,false,"Farm Street, Mayfair",false,BikePoints_382,,002678,true
1296649200000,false,"Frith Street, Soho",false,BikePoints_383,,002660,true
1296731880000,false,"Marloes Road, Kensington",false,BikePoints_384,,003505,true
1296732540000,false,"Moor Street, Soho",false,BikePoints_386,,003504,true
1297077540000,false,"Fire Brigade Pier, Vauxhall",false,BikePoints_387,,002703,true
1297182180000,false,"Southampton Street, Strand",false,BikePoints_388,,001228,true
1297347960000,false,"Upper Grosvenor Street, Mayfair",false,BikePoints_389,,010621,true
1297764360000,false,"Buxton Street 1, Shoreditch",false,BikePoints_390,,001223,true
1297956480000,false,"Clifford Street, Mayfair",false,BikePoints_391,1539846000000,002688,true
1297958700000,false,"Imperial College, Knightsbridge",false,BikePoints_392,,001220,true
1298545440000,false,"Snow Hill, Farringdon",false,BikePoints_393,,002699,true
,false,"Aberdeen Place, St. John's Wood",false,BikePoints_394,,002698,true
1298908800000,false,"Cadogan Gardens, Chelsea",false,BikePoints_395,,002695,true
1299075120000,false,"Shouldham Street, Marylebone",false,BikePoints_396,,002693,true
1299075900000,false,"Devonshire Terrace, Bayswater",false,BikePoints_397,,001227,true
1299076440000,false,"Holland Park, Kensington",false,BikePoints_398,,010631,true
1299582900000,false,"Brick Lane Market, Shoreditch",false,BikePoints_399,,002687,true
1299583260000,false,"George Street, Marylebone",false,BikePoints_400,,001225,true
1299592500000,false,"Columbia Road, Shoreditch",false,BikePoints_401,,002701,true
1299592860000,false,"Penfold Street, Marylebone",false,BikePoints_402,,010625,true
1299593640000,false,"George Place Mews, Marylebone",false,BikePoints_403,,010630,true
1299669180000,false,"Palace Gate, Kensington Gardens",false,BikePoints_404,,001110,true
1299669300000,false,"Gloucester Road Station, South Kensington",false,BikePoints_405,,001107,true
,false,"Sun Street, Liverpool Street",false,BikePoints_408,,001129,true
,false,"Strata, Elephant & Castle",false,BikePoints_409,,010624,true
,false,"Edgware Road Station, Marylebone",false,BikePoints_410,,001058,true
,false,"Rotherhithe Roundabout, Rotherhithe",false,BikePoints_411,,010629,true
1302006180000,false,"Cleaver Street, Kennington",false,BikePoints_412,,010628,true
1308735300000,false,"Chelsea Bridge, Pimlico",false,BikePoints_419,,022160,true
1309258380000,false,"Southwark Station 1, Southwark",false,BikePoints_420,,022162,true
1309258440000,false,"Southwark Station 2, Southwark",false,BikePoints_421,,022163,true
1309860240000,false,"Eaton Square (South), Belgravia",false,BikePoints_423,,022164,true
1324551120000,false,"Ebury Bridge, Pimlico",false,BikePoints_424,,022159,true
1310463720000,false,"Vincent Street, Pimlico",false,BikePoints_426,,022161,true
1310725680000,false,"Cheapside, Bank",false,BikePoints_427,,022180,true
1318496100000,false,"Exhibition Road, Knightsbridge",false,BikePoints_428,,022179,true
1324549980000,false,"South Parade, Chelsea",false,BikePoints_430,,022182,true
1323355020000,false,"Crinan Street, King's Cross",false,BikePoints_431,,022183,true
1319448720000,false,"Exhibition Road Museums 1, South Kensington",false,BikePoints_432,,022158,true
1323361560000,false,"Wren Street, Holborn",false,BikePoints_433,,022169,true
1384254300000,false,"Shoreditch Court, Haggerston",false,BikePoints_698,,200121,true
1384256040000,false,"Belford House, Haggerston",false,BikePoints_699,,200057,true
1384343280000,false,"Battersea Church Road, Battersea",false,BikePoints_700,,200201,true
1384345080000,false,"Vicarage Crescent, Battersea",false,BikePoints_701,,200077,true
1384345860000,false,"Durant Street, Bethnal Green",false,BikePoints_702,,200213,true
1384357800000,false,"St. Bride Street, Holborn",false,BikePoints_703,,200094,true
1384443480000,false,"Mexfield Road, East Putney",false,BikePoints_704,,200063,true
1384453020000,true,"Upper Richmond Road, Putney",false,BikePoints_705,1539845700000,300042,true
1384420920000,false,"Snowsfields, London Bridge",false,BikePoints_706,,200193,true
1384435680000,false,"Barons Court Station, West Kensington",false,BikePoints_707,,200197,true
1384530180000,false,"Disraeli Road, Putney",false,BikePoints_708,,200217,true
1384510140000,false,"Montserrat Road , Putney",false,BikePoints_709,,200205,true
1384520580000,false,"Albert Bridge Road, Battersea Park",false,BikePoints_710,,300045,true
1384791540000,false,"Everington Street, Fulham",false,BikePoints_711,,300028,true
1384797120000,false,"Mile End Stadium, Mile End",false,BikePoints_712,,300056,true
1384865400000,false,"Stewart's Road, Wandsworth Road",false,BikePoints_714,,300055,true
1384868460000,false,"Aylward Street, Stepney",false,BikePoints_715,,300049,true
1384952400000,false,"Dunston Road , Haggerston",false,BikePoints_717,,300024,true
1384962840000,false,"Ada Street, Hackney Central",false,BikePoints_718,,300040,true
1384968480000,false,"Victoria Park Road, Hackney Central",false,BikePoints_719,,300011,true
1385025840000,false,"Star Road, West Kensington",false,BikePoints_720,,300038,true
1385028480000,false,"Wendon Street, Old Ford",false,BikePoints_721,,300039,true
1385028600000,false,"Finnis Street, Bethnal Green",false,BikePoints_722,,300041,true
1385035380000,false,"Stephendale Road, Sands End",false,BikePoints_723,,300053,true
1385125380000,false,"Alma Road, Wandsworth",false,BikePoints_724,,300046,true
1563352500000,false,"Walworth Square, Walworth",false,BikePoints_725,,300050,true
1385128740000,false,"Alfreda Street, Battersea Park",false,BikePoints_726,,300047,true
1385132160000,false,"Chesilton Road, Fulham",false,BikePoints_727,,300054,true
1385466780000,false,"Putney Bridge Road, East Putney",false,BikePoints_728,,300044,true
1385391300000,false,"St. Peter's Terrace, Fulham",false,BikePoints_729,,300043,true
1385132580000,false,"Bridge Avenue, Hammersmith",false,BikePoints_730,,300082,true
1385394720000,false,"Michael Road, Walham Green",false,BikePoints_731,,300095,true
1385458020000,false,"Duke Street Hill, London Bridge",false,BikePoints_732,,300083,true
1385460840000,false,"Park Lane, Mayfair",false,BikePoints_733,,300093,true
1385464500000,false,"Plough Terrace, Clapham Junction",false,BikePoints_734,,300094,true
1385383080000,false,"Grant Road East, Clapham Junction",false,BikePoints_735,,200120,true
1385472900000,false,"Queensdale Road, Shepherd's Bush",false,BikePoints_736,,300088,true
1385554620000,false,"Fulham Broadway, Walham Green",false,BikePoints_737,,300086,true
1385563380000,false,"Imperial Road, Sands End",false,BikePoints_738,,300087,true
1385631000000,false,"Hortensia Road, West Brompton",false,BikePoints_739,,300091,true
1385635440000,false,"Sirdar Road, Avondale",false,BikePoints_740,,300084,true
1385640120000,false,"Freston Road, Avondale",false,BikePoints_741,,300085,true
1385649540000,false,"Blenheim Crescent, Ladbroke Grove",false,BikePoints_742,,300090,true
1385723700000,false,"Oxford Road, Putney",false,BikePoints_743,,300078,true
1385729760000,false,"Ingrave Street, Clapham Junction",false,BikePoints_744,,300077,true
1385740020000,false,"Upcerne Road, West Chelsea",false,BikePoints_745,,300075,true
1385985720000,false,"Lots Road, West Chelsea",false,BikePoints_746,,300076,true
1385997240000,false,"Ormonde Gate, Chelsea",false,BikePoints_747,,300089,true
1386159900000,false,"Hertford Road, De Beauvoir Town",false,BikePoints_748,,300092,true
1386172440000,false,"Haggerston Road, Haggerston",false,BikePoints_749,,300081,true
1386240360000,false,"Culvert Road, Battersea",false,BikePoints_750,,300080,true
1386250800000,false,"Newton Street, Covent Garden",false,BikePoints_751,,300074,true
1650364320000,false,"London Street, Paddington",false,BikePoints_752,,300079,true
1389003540000,false,"Grenfell Road, Avondale",false,BikePoints_754,,300067,true
1389008580000,false,"The Vale, Chelsea",false,BikePoints_755,,300058,true
1390223040000,false,"Prince of Wales Drive, Battersea Park",false,BikePoints_756,,300073,true
1389094260000,false,"Harcourt Terrace, West Brompton",false,BikePoints_757,,300069,true
1389178020000,false,"Westbourne Park Road, Portobello",false,BikePoints_758,,300057,true
1389627480000,false,"Broadley Terrace, Marylebone",false,BikePoints_759,,300072,true
1389781800000,false,"Humbolt Road, Fulham",false,BikePoints_761,,300068,true
1392039000000,false,"Storey's Gate, Westminster",false,BikePoints_762,,200202,true
1392043020000,false,"Mile End Park Leisure Centre, Mile End",false,BikePoints_763,,300027,true
1392633480000,false,"St. John's Road, Clapham Junction",false,BikePoints_764,,200185,true
1392986940000,false,"Ranelagh Gardens, Fulham",false,BikePoints_765,,300064,true
1392894840000,false,"Ram Street, Wandsworth",false,BikePoints_766,,200079,true
1393406280000,false,"Santos Road, Wandsworth",false,BikePoints_767,,200177,true
1393494060000,false,"Clapham Common North Side, Clapham Common",false,BikePoints_768,,300065,true
1393939560000,false,"Sandilands Road, Walham Green",false,BikePoints_769,,300001,true
1394099280000,false,"Gwendwr Road, West Kensington",false,BikePoints_770,,300097,true
1394018400000,false,"Rifle Place, Avondale",false,BikePoints_771,,300007,true
1396442100000,false,"Binfield Road, Stockwell",false,BikePoints_772,,300015,true
1396262520000,false,"Tallis Street, Temple",false,BikePoints_773,,300096,true
1396265880000,false,"Hurlingham Park, Parsons Green",false,BikePoints_774,,300098,true
1396270320000,false,"Little Brook Green, Brook Green",false,BikePoints_775,,300101,true
1396273320000,false,"Abyssinia Close, Clapham Junction",false,BikePoints_776,,300099,true
1406282940000,false,"Limburg Road, Clapham Junction",false,BikePoints_777,,300100,true
1435313700000,false,"Houndsditch, Aldgate",false,BikePoints_779,,200072,true
1439455200000,false,"Imperial Wharf Station, Sands End",false,BikePoints_780,,300070,true
1446485340000,false,"Victoria & Albert Museum, South Kensington",false,BikePoints_781,,300032,true
1446485820000,false,"Halford Road, West Kensington",false,BikePoints_782,,300210,true
1279026060000,false,"Tanner Street, Bermondsey",false,BikePoints_85,,000994,true
1279027140000,false,"Sancroft Street, Vauxhall",false,BikePoints_86,,003434,true
1279027680000,false,"Devonshire Square, Liverpool Street",false,BikePoints_87,,003438,true
1279028280000,false,"Bayley Street , Bloomsbury",false,BikePoints_88,,001006,true
1279029360000,false,"Tavistock Place, Bloomsbury",false,BikePoints_89,,003439,true
1279030020000,false,"Harrington Square 1, Camden Town",false,BikePoints_90,,001038,true
1279036740000,false,"Walnut Tree Walk, Vauxhall",false,BikePoints_91,,001076,true
1279037040000,false,"Borough Road, Elephant & Castle",false,BikePoints_92,,001082,true
1279037760000,false,"Cloudesley Road, Angel",false,BikePoints_93,,002586,true
1279038420000,false,"Bricklayers Arms, Borough",false,BikePoints_94,,001070,true
1279096980000,false,"Falkirk Street, Hoxton",false,BikePoints_96,,001047,true
1279097580000,false,"Gloucester Road (North), Kensington",false,BikePoints_97,,003447,true
1279099080000,false,"Hampstead Road, Euston",false,BikePoints_98,,000972,true
1279099680000,false,"Old Quebec Street, Marylebone",false,BikePoints_99,,001085,true
1279099860000,false,"Albert Embankment, Vauxhall",false,BikePoints_100,,001059,true
1279102680000,false,"Queen Street 1, Bank",false,BikePoints_101,,000999,true
1279102860000,false,"Jewry Street, Aldgate",false,BikePoints_102,,001045,true
1279103520000,false,"Vicarage Gate, Kensington",false,BikePoints_103,,003441,true
1279103760000,false,"Crosswall, Tower",false,BikePoints_104,,000991,true
1279105320000,false,"Westbourne Grove, Bayswater",false,BikePoints_105,,001041,true
1279106880000,false,"Woodstock Street, Mayfair",false,BikePoints_106,,001042,true
1279107480000,false,"Finsbury Leisure Centre, St. Luke's",false,BikePoints_107,,001049,true
1279107720000,false,"Abbey Orchard Street, Westminster",false,BikePoints_108,,003429,true
1279108320000,false,"Soho Square , Soho",false,BikePoints_109,,001052,true
1279108920000,false,"Wellington Road, St. John's Wood",false,BikePoints_110,,001055,true
1279109160000,false,"Park Lane , Hyde Park",false,BikePoints_111,,001037,true
1279116600000,false,"Gloucester Road (Central), South Kensington",false,BikePoints_113,,003435,true
1279119900000,false,"Park Road (Baker Street), The Regent's Park",false,BikePoints_114,,001050,true
1279120680000,false,"Braham Street, Aldgate",false,BikePoints_115,,001062,true
1279122360000,false,"Little Argyll Street, West End",false,BikePoints_116,,000995,true
1279124220000,false,"Lollard Street, Vauxhall",false,BikePoints_117,,000998,true
1279124520000,false,"Rochester Row, Westminster",false,BikePoints_118,,003457,true
1279124760000,false,"Bath Street, St. Luke's",false,BikePoints_119,,000964,true
1279187040000,false,"The Guildhall, Guildhall",false,BikePoints_120,,001044,true
1279189200000,false,"Baker Street, Marylebone",false,BikePoints_121,,001086,true
1279190040000,false,"Norton Folgate, Liverpool Street",false,BikePoints_122,,001068,true
1279191300000,false,"St. John Street, Finsbury",false,BikePoints_123,,000992,true
1279191540000,false,"Eaton Square, Belgravia",false,BikePoints_124,,001069,true
1279192200000,false,"Borough High Street, The Borough",false,BikePoints_125,,000996,true
1279193340000,false,"Museum of London, Barbican",false,BikePoints_126,,001043,true
1279193520000,false,"Wood Street, Guildhall",false,BikePoints_127,,001063,true
1279194060000,false,"Emperor's Gate, South Kensington",false,BikePoints_128,,001116,true
1279198500000,false,"Golden Square, Soho",false,BikePoints_129,,003451,true
1279198800000,false,"Tower Gardens , Tower",false,BikePoints_130,,001071,true
1279199280000,false,"Eversholt Street , Camden Town",false,BikePoints_131,,001005,true
1279199520000,false,"Bethnal Green Road, Shoreditch",false,BikePoints_132,,000973,true
1279200240000,false,"Derry Street, Kensington",false,BikePoints_133,,003436,true
1279200900000,false,"Wapping High Street, Wapping",false,BikePoints_134,,001039,true
1279201080000,false,"Clerkenwell Green, Clerkenwell",false,BikePoints_135,,001053,true
1279201200000,false,"Queen Victoria Street, St. Paul's",false,BikePoints_136,,001048,true
1279205220000,false,"Green Street, Mayfair",false,BikePoints_138,,003464,true
1279205460000,false,"Lambeth Road, Vauxhall",false,BikePoints_139,,001078,true
1279205580000,false,"Finsbury Square , Moorgate",false,BikePoints_140,,001056,true
1279210980000,false,"Chapel Place, Marylebone",false,BikePoints_141,,001003,true
1279211220000,false,"West Cromwell Road, Earl's Court",false,BikePoints_142,,001001,true
1279211400000,false,"Pont Street, Knightsbridge",false,BikePoints_143,,001114,true
1279211580000,false,"Kennington Cross, Kennington",false,BikePoints_144,,001093,true
1279212180000,false,"Ilchester Place, Kensington",false,BikePoints_145,,001115,true
1279212360000,false,"Vauxhall Bridge , Pimlico",false,BikePoints_146,,001046,true
,false,"Tachbrook Street, Victoria",false,BikePoints_148,,000965,true
1279215360000,false,"Kennington Road Post Office, Oval",false,BikePoints_149,,001073,true
1279215540000,false,"Holy Trinity Brompton, Knightsbridge",false,BikePoints_150,,001002,true
1279215720000,false,"Chepstow Villas, Notting Hill",false,BikePoints_151,,001120,true
1279215900000,false,"Hampton Street, Walworth",false,BikePoints_152,,001118,true
1279216080000,false,"Bayswater Road, Hyde Park",false,BikePoints_153,,001096,true
,false,"Waterloo Station 3, Waterloo",false,BikePoints_154,,001072,true
1279272660000,false,"Lexham Gardens, Kensington",false,BikePoints_155,,001121,true
1279273080000,false,"New Kent Road, The Borough",false,BikePoints_156,,000966,true
1279273200000,false,"Wright's Lane, Kensington",false,BikePoints_157,,001094,true
1279273320000,false,"Trebovir Road, Earl's Court",false,BikePoints_158,,001113,true
1279274280000,false,"Waterloo Place, St. James's",false,BikePoints_160,,003458,true
1279286940000,false,"Guildhouse Street, Victoria",false,BikePoints_161,,003478,true
1279287120000,false,"Southampton Place, Holborn",false,BikePoints_162,,001123,true
1279287300000,false,"Sloane Avenue, Knightsbridge",false,BikePoints_163,,003461,true
1279287600000,false,"Cleveland Gardens, Bayswater",false,BikePoints_164,,001178,true
1279287960000,false,"Orsett Terrace, Bayswater",false,BikePoints_165,,002585,true
1279288140000,false,"Seville Street, Knightsbridge",false,BikePoints_166,,001177,true
,false,"Eccleston Place, Victoria",false,BikePoints_167,,003465,true
1279289400000,false,"Argyll Road, Kensington",false,BikePoints_168,,003463,true
1279289760000,false,"Porchester Place, Paddington",false,BikePoints_169,,003477,true
1323346020000,false,"Kennington Station, Kennington",false,BikePoints_435,,022170,true
1323350220000,false,"Red Lion Street, Holborn",false,BikePoints_436,,022171,true
1325746380000,false,"Vauxhall Walk, Vauxhall",false,BikePoints_437,,200056,true
1325705460000,false,"Killick Street, King's Cross",false,BikePoints_439,,200053,true
1325708160000,false,"Kennington Oval, Oval",false,BikePoints_440,,200032,true
1325711220000,false,"Sail Street, Vauxhall",false,BikePoints_441,,200039,true
1325940420000,false,"Walmer Road, Avondale",false,BikePoints_442,,200035,true
1325941800000,false,"Philpot Street, Whitechapel",false,BikePoints_443,,200033,true
1325944680000,false,"Bethnal Green Garden, Bethnal Green",false,BikePoints_444,,200047,true
1325945820000,false,"Cheshire Street, Bethnal Green",false,BikePoints_445,,200003,true
1325948880000,false,"York Hall, Bethnal Green",false,BikePoints_446,,200042,true
1325949000000,false,"Jubilee Crescent, Cubitt Town",false,BikePoints_447,,200054,true
1325952660000,false,"Fisherman's Walk West, Canary Wharf",false,BikePoints_448,,022165,true
1325952900000,false,"Shadwell Station, Shadwell",false,BikePoints_449,,200020,true
1326105240000,false,"Jubilee Street, Stepney",false,BikePoints_450,,200002,true
1325501400000,false,"Hermitage Court, Wapping",false,BikePoints_451,,200021,true
1326109140000,false,"St. Katharine's Way, Tower",false,BikePoints_452,,200049,true
1326111060000,false,"Garnet Street, Shadwell",false,BikePoints_453,,200045,true
1326115380000,false,"Napier Avenue, Millwall",false,BikePoints_454,,200046,true
1326117780000,false,"East Ferry Road, Cubitt Town",false,BikePoints_455,,200031,true
1326197580000,false,"Parkway, Camden Town",false,BikePoints_456,,200118,true
1326203280000,false,"Castlehaven Road, Camden Town",false,BikePoints_457,,200016,true
1326294780000,false,"Wapping Lane, Wapping",false,BikePoints_458,,200034,true
,false,"Gunmakers Lane, Old Ford",false,BikePoints_459,,200014,true
1326284820000,false,"Burdett Road, Mile End",false,BikePoints_460,,200123,true
1326293640000,true,"Aston Street, Stepney",false,BikePoints_461,,200013,true
1326294600000,false,"Bonny Street, Camden Town",false,BikePoints_462,,200105,true
,false,"Thurtle Road, Haggerston",false,BikePoints_463,,200093,true
1326304980000,false,"St. Mary & St. Michael Church, Stepney",false,BikePoints_464,,200082,true
1333613280000,false,"Pitfield Street North,Hoxton",false,BikePoints_465,,200152,true
1326360000000,false,"Whiston Road, Haggerston",false,BikePoints_466,,200158,true
1326374040000,false,"Southern Grove, Bow",false,BikePoints_467,,200168,true
1326375720000,false,"Cantrell Road, Bow",false,BikePoints_468,,200150,true
1326381060000,false,"Lindfield Street, Poplar",false,BikePoints_469,,022178,true
1326790620000,false,"Mostyn Grove, Bow",false,BikePoints_470,,200174,true
1326790860000,false,"Hewison Street, Old Ford",false,BikePoints_471,,200006,true
1326791160000,false,"Malmesbury Road, Bow",false,BikePoints_472,,200019,true
1326816540000,false,"Millharbour, Millwall",false,BikePoints_473,,022167,true
1326822960000,false,"Gascoyne Road, Victoria Park",false,BikePoints_474,,200155,true
1326825480000,false,"Lightermans Road, Millwall",false,BikePoints_475,,200004,true
1326962100000,false,"Stebondale Street, Cubitt Town",false,BikePoints_476,,200009,true
1326963780000,false,"Spindrift Avenue, Millwall",false,BikePoints_477,,200018,true
1326965580000,false,"Stepney Green Station, Stepney",false,BikePoints_478,,200012,true
1326966240000,false,"Pott Street, Bethnal Green",false,BikePoints_479,,200156,true
1326975420000,false,"Flamborough Street, Limehouse",false,BikePoints_480,,200115,true
1326996480000,false,"Saunders Ness Road, Cubitt Town",false,BikePoints_481,,200022,true
1326996720000,false,"Exhibition Road Museums 2, South Kensington",false,BikePoints_482,,200052,true
1327088280000,false,"Albert Gardens, Stepney",false,BikePoints_483,,022166,true
1327339740000,false,"Bromley High Street, Bow",false,BikePoints_484,,022172,true
1327255440000,false,"Old Ford Road, Bethnal Green",false,BikePoints_485,,022173,true
1327338660000,false,"Granby Street, Shoreditch",false,BikePoints_486,,022174,true
1327936860000,false,"Canton Street, Poplar",false,BikePoints_487,,022175,true
1327254960000,false,"Reardon Street, Wapping",false,BikePoints_488,,022176,true
,false,"Pennington Street, Wapping",false,BikePoints_490,,200090,true
1327256220000,false,"Queen Mary's, Mile End",false,BikePoints_491,,200249,true
1327256520000,false,"Maplin Street, Mile End",false,BikePoints_492,,200230,true
1327433220000,false,"South Quay East, Canary Wharf",false,BikePoints_494,,200233,true
1327340460000,false,"Bow Church Station, Bow",false,BikePoints_495,,200252,true
1327400820000,false,"Devons Road, Bow",false,BikePoints_496,,200255,true
1327398420000,false,"Merchant Street, Bow",false,BikePoints_497,,200242,true
1327398660000,false,"Bow Road Station, Bow",false,BikePoints_498,,200251,true
1327407960000,false,"Furze Green, Bow",false,BikePoints_499,,200011,true
1327430040000,false,"Ansell House, Stepney",false,BikePoints_500,,200148,true
1327430220000,false,"Cephas Street, Bethnal Green",false,BikePoints_501,,200073,true
1563957840000,false,"Bonner Gate, Victoria Park",false,BikePoints_502,,200241,true
1327492920000,false,"Cleveland Way, Stepney",false,BikePoints_503,,200250,true
1327937820000,false,"St. John's Park, Cubitt Town",false,BikePoints_504,,200243,true
1327937460000,false,"Ackroyd Drive, Bow",false,BikePoints_505,,200038,true
1327938660000,false,"Bell Lane, Liverpool Street",false,BikePoints_506,,200036,true
1327938420000,false,"Clarkson Street, Bethnal Green",false,BikePoints_507,,200131,true
1327938180000,false,"Fournier Street, Whitechapel",false,BikePoints_508,,200157,true
1327938120000,false,"Fore Street, Guildhall",false,BikePoints_509,,200253,true
,false,"Westferry DLR, Limehouse",false,BikePoints_510,,200238,true
1327937940000,false,"Sutton Street, Shadwell",false,BikePoints_511,,200256,true
1328112600000,false,"Pritchard's Road, Bethnal Green",false,BikePoints_512,,200083,true
,false,"Watney Market, Stepney",false,BikePoints_513,,200162,true
1328201520000,false,"Portman Square, Marylebone",false,BikePoints_514,,200008,true
,false,"Russell Gardens, Olympia",false,BikePoints_515,,200080,true
1328202420000,false,"Chrisp Street Market, Poplar",false,BikePoints_516,,200089,true
1326790860000,false,"Ford Road, Old Ford",false,BikePoints_517,,200027,true
,false,"Antill Road, Mile End",false,BikePoints_518,,200041,true
,false,"Teviot Street, Poplar",false,BikePoints_519,,200254,true
,false,"Bancroft Road, Bethnal Green",false,BikePoints_520,,200234,true
,false,"Driffield Road, Old Ford",false,BikePoints_521,,200030,true
1448529660000,false,"Monier Road, Hackney Wick",false,BikePoints_783,,300213,true
1452789240000,false,"East Village, Queen Elizabeth Olympic Park",false,BikePoints_784,,300200,true
1451908440000,false,"Aquatic Centre, Queen Elizabeth Olympic Park",false,BikePoints_785,,300233,true
1451900700000,false,"Timber Lodge, Queen Elizabeth Olympic Park",false,BikePoints_787,,300227,true
1451906880000,false,"Copper Box Arena, Queen Elizabeth Olympic Park",false,BikePoints_788,,300226,true
1452507000000,false,"Podium, Queen Elizabeth Olympic Park",false,BikePoints_789,,300021,true
1452687420000,false,"Stratford Station, Stratford",false,BikePoints_790,,300234,true
1454926380000,false,"Blackfriars Road, Southwark",false,BikePoints_792,,300214,true
1459424760000,false,"Cromer Street, Bloomsbury",false,BikePoints_793,,300205,true
1456404240000,false,"Victoria Rise, Clapham Common",false,BikePoints_794,,300204,true
1456744740000,false,"Euston Square Gardens, Euston",false,BikePoints_795,,300203,true
1456746420000,false,"Coram Street, Bloomsbury",false,BikePoints_796,,300201,true
1464787980000,false,"Birkenhead Street, King's Cross",false,BikePoints_798,,300212,true
1464876480000,false,"Kings Gate House, Westminster",false,BikePoints_799,,300202,true
1457107140000,false,"Sopwith Way, Battersea Park",false,BikePoints_800,,300248,true
1458824640000,false,"Lavington Street, Bankside",false,BikePoints_801,,300208,true
1464865500000,false,"Albert Square, Stockwell",false,BikePoints_802,,300209,true
1464787860000,false,"Southwark Street, Bankside",false,BikePoints_803,,300238,true
1459410960000,false,"Good's Way, King's Cross",false,BikePoints_804,,300243,true
1467626400000,false,"The Metropolitan, Portobello",false,BikePoints_805,,300244,true
1472723460000,false,"Handyside Street, King's Cross",false,BikePoints_806,,300241,true
1466715600000,false,"Bevington Road West, North Kensington",false,BikePoints_807,,300236,true
1461753540000,false,"Gauden Road, Clapham",false,BikePoints_808,,300207,true
1467640800000,false,"Lincoln's Inn Fields, Holborn",false,BikePoints_809,,300240,true
1464943200000,false,"Tate Modern, Bankside",false,BikePoints_810,,300237,true
1469538960000,false,"Westferry Circus, Canary Wharf",false,BikePoints_811,,300228,true
1469005200000,false,"Here East North, Queen Elizabeth Olympic Park",false,BikePoints_812,,300217,true
1467627120000,false,"New Spring Gardens Walk, Vauxhall",false,BikePoints_813,,300224,true
1464870060000,false,"Clapham Road, Lingham Street, Stockwell",false,BikePoints_814,,300245,true
1462357680000,false,"Lambeth Palace Road, Waterloo",false,BikePoints_815,,300231,true
1489065360000,false,"Here East South, Queen Elizabeth Olympic Park",false,BikePoints_816,,300219,true
1464949140000,false,"Riverlight South, Nine Elms",false,BikePoints_817,,300232,true
1563958740000,false,"Westminster Pier, Westminster",false,BikePoints_818,,300249,true
1476360120000,false,"Belvedere Road 2, South Bank",false,BikePoints_819,,300246,true
1481807940000,false,"Victory Place, Walworth",false,BikePoints_820,,300239,true
1487335920000,false,"Battersea Power Station, Battersea Park",false,BikePoints_821,,300221,true
1500554880000,false,"Allington Street, Victoria",false,BikePoints_826,,300242,true
1517788800000,false,"Cranmer Road, Stockwell",false,BikePoints_827,,300247,true
1517788800000,false,"Normandy Road, Stockwell",false,BikePoints_828,,300225,true
1517443200000,false,"Wynne Road, Stockwell",false,BikePoints_829,,300230,true
1517961600000,false,"Sidney Road, Stockwell",false,BikePoints_830,,300229,true
1517961600000,false,"St John's Crescent, Brixton",false,BikePoints_831,,300215,true
1517961600000,false,"Ferndale Road, Brixton",false,BikePoints_832,,200240,true
1517875200000,false,"Saltoun Road, Brixton",false,BikePoints_833,,300206,true
1529449200000,false,"Gas Holders, Battersea Park",false,BikePoints_834,,300216,true
,false,"Farringdon Street, Holborn",false,BikePoints_835,,300220,true
,false,"York Way, Kings Cross",false,BikePoints_836,,300235,true
1539254700000,false,"Fore Street Avenue, Guildhall",false,BikePoints_838,,300222,true
1544611140000,false,"Sea Containers, South Bank",false,BikePoints_839,,200144,true
1599752640000,false,"George Row, Bermondsey",false,BikePoints_840,,002679,true
,false,"Tower Wharf, Bermondsey",false,BikePoints_841,,002667,true
1600856400000,false,"Temple Gardens, Temple",false,BikePoints_842,,300250,true
1608298140000,false,"Canada Water Station, Rotherhithe",false,BikePoints_844,,300252,true
1608303660000,false,"Bermondsey Station, Bermondsey",false,BikePoints_845,,300253,true
1279290180000,false,"Hardwick Street, Clerkenwell",false,BikePoints_170,,001057,true
1279291200000,false,"Collingham Gardens, Earl's Court",false,BikePoints_171,,003459,true
1279291500000,false,"Sumner Place, South Kensington",false,BikePoints_172,,001124,true
1279292700000,false,"Waterloo Road, South Bank",false,BikePoints_173,,001176,true
1279295940000,false,"Strand, Strand",false,BikePoints_174,,001100,true
1529674980000,false,"Worship Street, Shoreditch",false,BikePoints_175,,000997,true
1279297560000,false,"Gloucester Terrace, Bayswater",false,BikePoints_176,,001173,true
1279297740000,false,"Ashley Place, Victoria",false,BikePoints_177,,001122,true
1279297920000,false,"Warwick Square, Pimlico",false,BikePoints_178,,003460,true
1279298220000,false,"North Audley Street, Mayfair",false,BikePoints_180,,001126,true
1279298460000,false,"Belgrave Square, Belgravia",false,BikePoints_181,,003473,true
1279363140000,false,"Bell Street , Marylebone",false,BikePoints_182,,001166,true
1279364160000,false,"Riverlight North, Nine Elms",false,BikePoints_183,,001165,true
1279364280000,false,"Portland Place, Marylebone",false,BikePoints_184,,001164,true
1279365360000,false,"Alderney Street, Pimlico",false,BikePoints_185,,001174,true
1279365480000,false,"South Wharf Road, Paddington",false,BikePoints_186,,001167,true
1279365720000,false,"Queen's Gate (South), South Kensington",false,BikePoints_187,,001172,true
1279376760000,false,"Nutford Place, Marylebone",false,BikePoints_188,,001112,true
1279377180000,false,"Claremont Square, Angel",false,BikePoints_189,,001104,true
1279381080000,false,"Rampayne Street, Pimlico",false,BikePoints_190,,001106,true
1279383120000,false,"Hyde Park Corner, Hyde Park",false,BikePoints_191,,001075,true
1279383300000,false,"Wardour Street, Soho",false,BikePoints_192,,001163,true
1279392479356,false,"Bankside Mix, Bankside",false,BikePoints_193,,000963,true
1279392479395,false,"Hop Exchange, The Borough",false,BikePoints_194,,000960,true
1279392479432,false,"Milroy Walk, South Bank",false,BikePoints_195,,000959,true
1279392479471,false,"Union Street, The Borough",false,BikePoints_196,,000961,true
1279392479520,false,"Stamford Street, South Bank",false,BikePoints_197,,000962,true
1279441800000,false,"Great Tower Street, Monument",false,BikePoints_199,,001080,true
1279441920000,false,"LMU Commercial Road, Whitechapel",false,BikePoints_200,,001105,true
1279444080000,false,"Dorset Square, Marylebone",false,BikePoints_201,,001162,true
1279444320000,false,"Leman Street, Aldgate",false,BikePoints_202,,001102,true
1279445580000,false,"West Smithfield Rotunda, Farringdon",false,BikePoints_203,,001040,true
1279466640000,false,"Margery Street, Clerkenwell",false,BikePoints_204,,003468,true
1279471380000,false,"New Road 1 , Whitechapel",false,BikePoints_206,,001171,true
1279558140000,false,"Grosvenor Crescent, Belgravia",false,BikePoints_207,,001169,true
1279472580000,false,"Mallory Street, Marylebone",false,BikePoints_208,,001175,true
1279529160000,false,"Denyer Street, Knightsbridge",false,BikePoints_209,,003454,true
1279535160000,false,"Hinde Street, Marylebone",false,BikePoints_210,,003476,true
1279535820000,false,"Cadogan Place, Knightsbridge",false,BikePoints_211,,003469,true
1279536840000,false,"Campden Hill Road, Notting Hill",false,BikePoints_212,,003487,true
1279537020000,false,"Wellington Arch, Hyde Park",false,BikePoints_213,,001109,true
1279537200000,false,"Endsleigh Gardens, Euston",false,BikePoints_214,,001079,true
1279537380000,false,"Moorfields, Moorgate",false,BikePoints_215,,001092,true
1279537920000,false,"Old Brompton Road, South Kensington",false,BikePoints_216,,003479,true
1279538040000,false,"Wormwood Street, Liverpool Street",false,BikePoints_217,,002587,true
1279543740000,false,"St. Luke's Church, Chelsea",false,BikePoints_218,,003486,true
1279545900000,false,"Bramham Gardens, Earl's Court",false,BikePoints_219,,001183,true
1279546320000,false,"Chelsea Green, Chelsea",false,BikePoints_220,,001179,true
1279552200000,false,"Horseferry Road, Westminster",false,BikePoints_221,,001170,true
1279614120000,false,"Knightsbridge, Hyde Park",false,BikePoints_222,,001101,true
1279614420000,false,"Rodney Road , Walworth",false,BikePoints_223,,003481,true
1279615020000,false,"Queensway, Kensington Gardens",false,BikePoints_224,,001150,true
1279616280000,false,"Notting Hill Gate Station, Notting Hill",false,BikePoints_225,,001182,true
1279616520000,false,"Charles II Street, West End",false,BikePoints_226,,003488,true
1279616700000,false,"Great Percy Street, Clerkenwell",false,BikePoints_227,,003470,true
1279616880000,false,"St. James's Square, St. James's",false,BikePoints_228,,001067,true
1279617780000,false,"Whitehall Place, Strand",false,BikePoints_229,,001151,true
1279618020000,false,"Poured Lines, Bankside",false,BikePoints_230,,001144,true
1279622820000,false,"Queen's Gate (Central), South Kensington",false,BikePoints_231,,001089,true
1279623240000,false,"Carey Street, Holborn",false,BikePoints_232,,001139,true
1279624260000,false,"Pall Mall East, West End",false,BikePoints_233,,001153,true
1279624680000,false,"Liverpool Road (N1 Centre), Angel",false,BikePoints_234,,001081,true
1279625640000,false,"Kennington Road  , Vauxhall",false,BikePoints_235,,001154,true
1279625940000,false,"Fashion Street, Whitechapel",false,BikePoints_236,,003483,true
1279799040000,false,"Dock Street, Wapping",false,BikePoints_237,,003467,true
1279627920000,false,"Frampton Street, Paddington",false,BikePoints_238,,001099,true
1279628160000,false,"Warren Street Station, Euston",false,BikePoints_239,,001090,true
1279628640000,false,"Beaumont Street, Marylebone",false,BikePoints_242,,003482,true
1279628940000,false,"Gloucester Street, Pimlico",false,BikePoints_243,,001103,true
1279629240000,false,"Earnshaw Street , Covent Garden",false,BikePoints_244,,001145,true
1279629660000,false,"Grosvenor Road, Pimlico",false,BikePoints_245,,001140,true
1279639740000,false,"Berry Street, Clerkenwell",false,BikePoints_246,,001159,true
1279639920000,false,"St. John's Wood Church, The Regent's Park",false,BikePoints_247,,001091,true
1279640160000,false,"Triangle Car Park, Hyde Park",false,BikePoints_248,,001088,true
1279640400000,false,"Harper Road, The Borough",false,BikePoints_249,,001137,true
1279641000000,false,"Royal Avenue 1, Chelsea",false,BikePoints_250,,003440,true
1279700160000,false,"Brushfield Street, Liverpool Street",false,BikePoints_251,,001161,true
1279700640000,false,"Jubilee Gardens, South Bank",false,BikePoints_252,,001111,true
1279700820000,false,"Shoreditch Park, Hoxton",false,BikePoints_253,,001051,true
1279700940000,false,"Chadwell Street, Angel",false,BikePoints_254,,003471,true
,false,"Clinton Road, Mile End",false,BikePoints_522,,200161,true
,false,"Langdon Park, Poplar",false,BikePoints_523,,200160,true
1328515080000,false,"Lancaster Gate , Bayswater",false,BikePoints_524,,200017,true
1643301180000,false,"Blythe Road, Olympia",false,BikePoints_525,,200153,true
,false,"Lancaster Drive, Blackwall",false,BikePoints_526,,200143,true
1328777280000,false,"Hansard Mews, Holland Park",false,BikePoints_527,,200154,true
1328777880000,false,"Clarges Street, Mayfair",false,BikePoints_528,,200088,true
,false,"Manresa Road, Chelsea",false,BikePoints_529,,200010,true
,false,"Newby Place, Poplar",false,BikePoints_530,,200146,true
1328778840000,false,"Twig Folly Bridge, Mile End",false,BikePoints_531,,200167,true
1328886360000,false,"Jubilee Plaza, Canary Wharf",false,BikePoints_532,,200163,true
,false,"Wellington Row, Bethnal Green",false,BikePoints_533,,200165,true
,false,"Goldsmith's Row, Haggerston",false,BikePoints_534,,200159,true
,false,"Gloucester Avenue, Camden Town",false,BikePoints_535,,200145,true
,false,"Queensbridge Road, Haggerston",false,BikePoints_536,,200024,true
1330352880000,false,"Old Montague Street, Whitechapel",false,BikePoints_537,,200239,true
,false,"Naval Row, Blackwall",false,BikePoints_538,,200050,true
,false,"Hoxton Station, Hoxton",false,BikePoints_539,,200151,true
,false,"Albany Street, The Regent's Park",false,BikePoints_540,,200134,true
,false,"Green Park Station, Mayfair",false,BikePoints_541,,200096,true
,false,"Salmon Lane, Limehouse",false,BikePoints_542,,200147,true
,false,"Lansdowne Walk, Ladbroke Grove",false,BikePoints_543,,200065,true
,false,"Percival Street, Finsbury",false,BikePoints_544,,200051,true
,false,"Arlington Road, Camden Town",false,BikePoints_545,,200070,true
,false,"New Fetter Lane, Holborn",false,BikePoints_546,,200044,true
,false,"East India DLR, Blackwall",false,BikePoints_547,,200127,true
,false,"Westminster Bridge Road, Elephant & Castle",false,BikePoints_548,,200076,true
,false,"Gaywood  Street, Elephant & Castle",false,BikePoints_549,,200132,true
,false,"Harford Street, Mile End",false,BikePoints_550,,200102,true
1330071720000,false,"Import Dock, Canary Wharf",false,BikePoints_551,,200066,true
,false,"Watney Street, Shadwell",false,BikePoints_552,,200149,true
,false,"Regent's Row , Haggerston",false,BikePoints_553,,200064,true
,false,"Aberfeldy Street, Poplar",false,BikePoints_554,,200078,true
,false,"Heron Quays DLR, Canary Wharf",false,BikePoints_556,,200138,true
,false,"King Edward Street, St Pauls",false,BikePoints_557,,200203,true
1399635120000,false,"Page Street, Westminster",false,BikePoints_558,,200048,true
,false,"Abbotsbury Road, Holland Park",false,BikePoints_559,,200111,true
,false,"Ladbroke Grove Central, Ladbroke Grove",false,BikePoints_560,,200015,true
1330503540000,false,"Rectory Square, Stepney",false,BikePoints_561,,200037,true
1330503420000,false,"Bury Place, Holborn",false,BikePoints_562,,200074,true
,false,"Preston's Road, Cubitt Town",false,BikePoints_563,,200232,true
,false,"Somerset House, Strand",false,BikePoints_564,,200068,true
,false,"Selby Street, Whitechapel",false,BikePoints_565,,200135,true
1330937940000,false,"Westfield Ariel Way, White City",false,BikePoints_566,,200141,true
,false,"Bishop's Bridge Road West, Bayswater",false,BikePoints_568,,200110,true
,false,"Pitfield Street Central, Hoxton",false,BikePoints_569,,200248,true
1330773180000,false,"Upper Bank Street, Canary Wharf",false,BikePoints_570,,200099,true
1330620180000,false,"Westfield Southern Terrace ,Shepherd's Bush",false,BikePoints_571,,200061,true
,false,"Greenland Road, Camden Town",false,BikePoints_572,,200026,true
1331796060000,false,"Limerston Street, West Chelsea",false,BikePoints_573,,200001,true
1333618560000,false,"Eagle Wharf Road, Hoxton",false,BikePoints_574,,200246,true
,false,"Alpha Grove, Millwall",false,BikePoints_576,,200109,true
,false,"Globe Town Market, Bethnal Green",false,BikePoints_577,,200247,true
1330444680000,false,"Hollybush Gardens, Bethnal Green",false,BikePoints_578,,200244,true
,false,"Queen Street 2, Bank",false,BikePoints_579,,200128,true
1392208500000,false,"Doddington Grove, Kennington",false,BikePoints_580,,200084,true
1331883540000,false,"New Cavendish Street, Marylebone",false,BikePoints_581,,200005,true
,false,"Abingdon Green, Westminster",false,BikePoints_583,,200231,true
,false,"Ilchester Gardens, Bayswater",false,BikePoints_584,,200086,true
1331797200000,false,"Mudchute DLR, Cubitt Town",false,BikePoints_586,,200092,true
1332406320000,false,"Monument Street, Monument",false,BikePoints_587,,200101,true
1330937820000,false,"Hoxton Street, Hoxton",false,BikePoints_588,,200071,true
,false,"Drayton Gardens, West Chelsea",false,BikePoints_589,,200060,true
,false,"Greenberry Street, St.John's Wood",false,BikePoints_590,,200236,true
,false,"Bishop's Bridge Road East, Bayswater",false,BikePoints_592,,200108,true
,false,"Northdown Street, King's Cross",false,BikePoints_593,,200058,true
1331710680000,false,"Kingsway Southbound, Strand",false,BikePoints_594,,200226,true
,false,"Hammersmith Road, Hammersmith",false,BikePoints_595,,200142,true
,false,"Parson's Green , Parson's Green",false,BikePoints_596,,200237,true
,false,"Fulham Park Road, Fulham",false,BikePoints_597,,200229,true
1501544700000,false,"Southerton Road, Hammersmith",false,BikePoints_598,,200166,true
,false,"Manbre Road, Hammersmith",false,BikePoints_599,,200235,true
,false,"South Lambeth Road, Vauxhall",false,BikePoints_600,,200133,true
,false,"BBC White City, White City",false,BikePoints_601,,200136,true
,false,"Union Grove, Wandsworth Road",false,BikePoints_602,,200211,true
,false,"Caldwell Street, Stockwell",false,BikePoints_603,,200137,true
,false,"St Martins Close, Camden Town",false,BikePoints_604,,200195,true
,false,"Seymour Place, Marylebone",false,BikePoints_605,,200198,true
,false,"Addison Road, Holland Park",false,BikePoints_606,,200218,true
,false,"Putney Bridge Station, Fulham",false,BikePoints_607,,200125,true
,false,"Colet Gardens, Hammersmith",false,BikePoints_608,,200224,true
1380109980000,false,"Sugden Road, Clapham",false,BikePoints_609,,200208,true
1380113460000,false,"Danvers Street, West Chelsea",false,BikePoints_610,,200222,true
1380203940000,false,"Princedale Road , Holland Park",false,BikePoints_611,,200067,true
1380294600000,false,"Wandsworth Rd, Isley Court, Wandsworth Road",false,BikePoints_612,,200175,true
1380211860000,false,"Woodstock Grove, Shepherd's Bush",false,BikePoints_613,,200214,true
1380795000000,false,"London Fields, Hackney Central",false,BikePoints_614,,200025,true
1279702560000,false,"Clifton Road, Maida Vale",false,BikePoints_255,,001147,true
1279708020000,false,"Houghton Street, Strand",false,BikePoints_256,,003484,true
1279708140000,false,"Westminster University, Marylebone",false,BikePoints_257,,001194,true
1279708380000,false,"Kensington Gore, Knightsbridge",false,BikePoints_258,,001193,true
1279709100000,false,"Bourne Street, Belgravia",false,BikePoints_259,,001180,true
1279711020000,false,"Broadwick Street, Soho",false,BikePoints_260,,003489,true
1279711200000,false,"Princes Square, Bayswater",false,BikePoints_261,,003491,true
1279711620000,false,"LSBU (Borough Road), Elephant & Castle",false,BikePoints_262,,001095,true
1279712160000,false,"St. Mary Axe, Aldgate",false,BikePoints_263,,001184,true
1279712520000,false,"Tysoe Street, Clerkenwell",false,BikePoints_264,,001146,true
1279714320000,false,"Southwick Street, Paddington",false,BikePoints_265,,003490,true
1279714560000,false,"Queen's Gate (North), Kensington",false,BikePoints_266,,001204,true
1279714740000,false,"Regency Street, Westminster",false,BikePoints_267,,001155,true
1279714920000,false,"Belgrave Road, Victoria",false,BikePoints_268,,001087,true
1279715100000,false,"Empire Square, The Borough",false,BikePoints_269,,001209,true
1279720380000,false,"Kennington Lane Rail Bridge, Vauxhall",false,BikePoints_270,,001190,true
1279720920000,false,"London Zoo,  The Regent's Park",false,BikePoints_271,,001136,true
1279721220000,false,"Baylis Road, Waterloo",false,BikePoints_272,,001133,true
1279721400000,false,"Belvedere Road 1, South Bank",false,BikePoints_273,,001186,true
1279721580000,false,"Warwick Road, Olympia",false,BikePoints_274,,001134,true
1279721880000,false,"Barbican Centre, Barbican",false,BikePoints_275,,001191,true
1279723200000,false,"Lower Thames Street, Monument",false,BikePoints_276,,001098,true
1279723320000,false,"Kensington Church Street, Kensington",false,BikePoints_277,,001143,true
1279723500000,false,"Tooley Street, Bermondsey",false,BikePoints_278,,001142,true
1279723740000,false,"North Wharf Road, Paddington",false,BikePoints_279,,001108,true
1279726440000,false,"Royal Avenue 2, Chelsea",false,BikePoints_280,,003462,true
1279726620000,false,"Smith Square, Westminster",false,BikePoints_281,,003480,true
1279726980000,false,"Royal London Hospital, Whitechapel",false,BikePoints_282,,001077,true
1279727220000,false,"Kingsway, Covent Garden",false,BikePoints_283,,001141,true
1279727580000,false,"Lambeth North Station, Waterloo",false,BikePoints_284,,001117,true
1279727880000,false,"St. John's Wood Road, St. John's Wood",false,BikePoints_286,,001187,true
1279728060000,false,"Bedford Way, Bloomsbury",false,BikePoints_287,,001156,true
1279793820000,false,"Elizabeth Bridge, Victoria",false,BikePoints_288,,001138,true
1279794060000,false,"South Audley Street, Mayfair",false,BikePoints_289,,003493,true
1279795140000,false,"St Mary's Hospital, Paddington",false,BikePoints_290,,003496,true
1279800420000,false,"Claverton Street, Pimlico",false,BikePoints_291,,001135,true
1279800600000,false,"Montpelier Street, Knightsbridge",false,BikePoints_292,,001206,true
1279800780000,false,"Kensington Olympia Station, Olympia",false,BikePoints_293,,001214,true
1279801080000,false,"Swan Street, The Borough",false,BikePoints_295,,001216,true
1377258960000,false,"Knaresborough Place, Earl's Court",false,BikePoints_296,,200069,true
1279801560000,false,"Geraldine Street, Elephant & Castle",false,BikePoints_297,,003498,true
1279805640000,false,"Curlew Street, Shad Thames",false,BikePoints_298,,001213,true
1279808160000,false,"Vincent Square, Westminster",false,BikePoints_299,,001196,true
1279808700000,false,"Serpentine Car Park, Hyde Park",false,BikePoints_300,,001217,true
1279809000000,false,"Marylebone Lane, Marylebone",false,BikePoints_301,,001152,true
1279812360000,false,"Putney Pier, Wandsworth",false,BikePoints_302,,003492,true
1279812720000,false,"Albert Gate, Hyde Park",false,BikePoints_303,,001132,true
1279816260000,false,"Rathbone Street, Fitzrovia",false,BikePoints_306,,003497,true
1279816500000,false,"Black Lion Gate, Kensington Gardens",false,BikePoints_307,,001157,true
1279816740000,false,"Long Lane , Bermondsey",false,BikePoints_308,,001189,true
1279875060000,false,"Embankment (Savoy), Strand",false,BikePoints_309,,001192,true
1279879560000,false,"Black Prince Road, Vauxhall",false,BikePoints_310,,001205,true
1279880100000,false,"Foley Street, Fitzrovia",false,BikePoints_311,,003494,true
1279880340000,false,"Grove End Road, St. John's Wood",false,BikePoints_312,,001130,true
1279880520000,false,"Wells Street, Fitzrovia",false,BikePoints_313,,003495,true
1279884480000,false,"Tyers Gate, Bermondsey",false,BikePoints_314,,003485,true
1279884660000,false,"The Tennis Courts, The Regent's Park",false,BikePoints_315,,001199,true
1279884840000,false,"Warwick Row, Westminster",false,BikePoints_316,1539845760000,000968,true
1279885080000,false,"Dickens Square, Borough",false,BikePoints_317,,001208,true
1279885320000,false,"Sackville Street, Mayfair",false,BikePoints_318,,001197,true
1279890360000,false,"Baldwin Street, St. Luke's",false,BikePoints_319,,003500,true
1279890840000,false,"Queen Mother Sports Centre, Victoria",false,BikePoints_320,,001148,true
1279891020000,false,"Bermondsey Street, Bermondsey",false,BikePoints_321,,002637,true
1279891920000,false,"Palissy Street, Shoreditch",false,BikePoints_322,,003502,true
1279892040000,false,"Clifton Street, Shoreditch",false,BikePoints_323,,003501,true
1279894920000,false,"Ontario Street, Elephant & Castle",false,BikePoints_324,,001200,true
1279896660000,false,"St. Martin's Street, West End",false,BikePoints_325,,001158,true
1279896840000,false,"Graham Street, Angel",false,BikePoints_326,,001131,true
1280133420000,false,"New North Road 1, Hoxton",false,BikePoints_327,,001128,true
1280133540000,false,"New North Road 2, Hoxton",false,BikePoints_328,,002641,true
1280133720000,false,"Prince Albert Road, The Regent's Park",false,BikePoints_329,,002636,true
1280141280000,false,"Eastbourne Mews, Paddington",false,BikePoints_330,,001203,true
1280141460000,false,"Bunhill Row, Moorgate",false,BikePoints_331,,001211,true
1280142360000,false,"Nevern Place, Earl's Court",false,BikePoints_332,,001210,true
1280142540000,false,"Palace Gardens Terrace, Notting Hill",false,BikePoints_333,,002633,true
1280147580000,false,"Concert Hall Approach 1, South Bank",false,BikePoints_334,,002635,true
1280152560000,false,"Tavistock Street, Covent Garden",false,BikePoints_335,,001207,true
1280152800000,false,"Concert Hall Approach 2, South Bank",false,BikePoints_336,,001212,true
1280153100000,false,"Pembridge Villas, Notting Hill",false,BikePoints_337,,002589,true
1380288900000,false,"Finlay Street, Fulham",false,BikePoints_615,,200029,true
,false,"Aintree Street, Fulham",false,BikePoints_616,,200098,true
1380531540000,false,"Elysium Place, Fulham",false,BikePoints_617,,200028,true
1380546540000,false,"Eel Brook Common, Walham Green",false,BikePoints_618,,300003,true
1380552360000,false,"Irene Road, Parsons Green",false,BikePoints_619,,300012,true
1380629040000,false,"Surrey Lane, Battersea",false,BikePoints_620,,300010,true
1380899280000,false,"Wandsworth Town Station, Wandsworth",false,BikePoints_621,,200091,true
1380901680000,false,"Lansdowne Road, Ladbroke Grove",false,BikePoints_622,,200172,true
1381135320000,false,"Nantes Close, Wandsworth",false,BikePoints_623,,200186,true
1381224240000,false,"Courland Grove, Wandsworth Road",false,BikePoints_624,,200173,true
1381227480000,false,"Queen's Circus, Battersea Park",false,BikePoints_625,,200190,true
1381920300000,false,"Normand Park, West Kensington",false,BikePoints_626,,300008,true
1381931400000,false,"Holden Street, Battersea",false,BikePoints_627,,200007,true
1381414980000,false,"William Morris Way, Sands End",false,BikePoints_628,,200062,true
1381479480000,false,"Morie Street, Wandsworth",false,BikePoints_629,,200187,true
1381487100000,false,"Clarence Walk, Stockwell",false,BikePoints_630,,200194,true
1381245300000,false,"Battersea Park Road, Nine Elms",false,BikePoints_631,,200183,true
1381220700000,false,"Sheepcote Lane, Battersea",false,BikePoints_632,,200176,true
1381402920000,false,"Vereker Road, West Kensington",false,BikePoints_633,,200116,true
1381743780000,false,"Brook Green South, Brook Green",false,BikePoints_634,,300002,true
1381756440000,false,"Greyhound Road, Hammersmith",false,BikePoints_635,,200215,true
1381846320000,false,"South Park, Sands End",false,BikePoints_636,,200180,true
1381933680000,false,"Spencer Park, Wandsworth Common",false,BikePoints_637,,200191,true
1381834020000,false,"Falcon Road, Clapham Junction",false,BikePoints_638,,300014,true
1381835700000,false,"Coomer Place, West Kensington",false,BikePoints_639,,200081,true
1382010420000,false,"Silverthorne Road, Battersea",false,BikePoints_640,,200179,true
1381926900000,false,"Archbishop's Park, Waterloo",false,BikePoints_641,,300025,true
1381934220000,false,"Fawcett Close, Battersea",false,BikePoints_642,,200192,true
1382010720000,false,"All Saints' Road, Portobello",false,BikePoints_643,,300026,true
1382278560000,false,"Rainville Road, Hammersmith",false,BikePoints_644,,200182,true
1382110800000,false,"Great Suffolk Street, The Borough",false,BikePoints_645,,200200,true
1382084340000,false,"Buckingham Gate, Westminster",false,BikePoints_646,,200178,true
1382347140000,false,"Richmond Way, Shepherd's Bush",false,BikePoints_647,,200181,true
1382352840000,false,"Peterborough Road, Sands End",false,BikePoints_648,,200171,true
1382348400000,false,"World's End Place, West Chelsea",false,BikePoints_649,,300009,true
1382438520000,false,"St. Mark's Road, North Kensington",false,BikePoints_650,,300034,true
1382441580000,false,"Thorndike Close, West Chelsea",false,BikePoints_651,,300030,true
1381848540000,false,"Evesham Street, Avondale",false,BikePoints_652,,300022,true
1382539860000,false,"Simpson Street, Clapham Junction",false,BikePoints_653,,200196,true
1382520000000,false,"Ashmole Estate, Oval",false,BikePoints_654,,200223,true
1382611200000,false,"Crabtree Lane, Fulham",false,BikePoints_655,,200221,true
1382614560000,false,"Broomhouse Lane, Parsons Green",false,BikePoints_656,,200040,true
1382621400000,false,"Blythe Road West, Shepherd's Bush",false,BikePoints_657,,200220,true
1383731100000,false,"Ethelburga Estate, Battersea Park",false,BikePoints_658,,300005,true
1382697060000,false,"Blackfriars Station, St. Paul's",false,BikePoints_659,,200212,true
1382705340000,false,"West Kensington Station, West Kensington",false,BikePoints_660,,300020,true
1382887680000,false,"All Saints Church, Portobello",false,BikePoints_661,,300023,true
1382866680000,false,"Phene Street, Chelsea",false,BikePoints_662,,200189,true
1382870040000,false,"Clarendon Road, Avondale",false,BikePoints_663,,200124,true
1382964300000,false,"Austin Road, Battersea Park",false,BikePoints_664,,300013,true
1382975700000,false,"Smugglers Way, Wandsworth",false,BikePoints_665,,200113,true
1383136140000,false,"Shepherd's Bush Road North, Shepherd's Bush",false,BikePoints_667,,200209,true
1383143160000,false,"Ravenscourt Park Station, Hammersmith",false,BikePoints_668,,300037,true
1383147660000,false,"Teversham Lane, Stockwell",false,BikePoints_669,,300036,true
1383212640000,false,"Ashley Crescent, Battersea",false,BikePoints_670,,200169,true
1383217920000,false,"Parsons Green Station, Parsons Green",false,BikePoints_671,,300052,true
1383319500000,false,"Hibbert Street, Battersea",false,BikePoints_673,,300051,true
,false,"Carnegie Street, King's Cross",false,BikePoints_674,,300035,true
1383322320000,false,"Usk Road, Clapham Junction",false,BikePoints_675,,200126,true
1383584400000,false,"Hartington Road, Stockwell",false,BikePoints_676,,200207,true
1383476160000,false,"Heath Road, Battersea",false,BikePoints_677,,200023,true
1383653580000,false,"Esmond Street, Putney",false,BikePoints_678,,200170,true
1383661200000,false,"Orbel Street, Battersea",false,BikePoints_679,,200114,true
1383657480000,false,"Westbridge Road, Battersea",false,BikePoints_680,,200210,true
1383733440000,false,"Bishop's Avenue, Fulham",false,BikePoints_681,,200043,true
1383738240000,false,"Crisp Road, Hammersmith",false,BikePoints_682,,200059,true
1383750420000,false,"Dorothy Road, Clapham Junction",false,BikePoints_683,,200119,true
1383823380000,false,"Neville Gill Close, Wandsworth",false,BikePoints_684,,200188,true
1383827400000,false,"Osiers Road, Wandsworth",false,BikePoints_685,,200219,true
1383835560000,false,"Beryl Road, Hammersmith",false,BikePoints_686,,200097,true
1383915240000,false,"Northfields, Wandsworth",false,BikePoints_688,,200204,true
1383918180000,false,"Spanish Road, Clapham Junction",false,BikePoints_689,,200106,true
1383924660000,false,"Stanley Grove, Battersea",false,BikePoints_690,,200199,true
1384763520000,false,"Erin Close, Walham Green",false,BikePoints_691,,200184,true
1384166220000,false,"Cadogan Close, Victoria Park",false,BikePoints_692,,200112,true
1384001160000,false,"Felsham Road, Putney",false,BikePoints_693,,300019,true
1384004640000,false,"Putney Rail Station, Putney",false,BikePoints_694,,300033,true
1384172820000,false,"Islington Green, Angel",false,BikePoints_695,,300031,true
1384180020000,false,"Charing Cross Hospital, Hammersmith",false,BikePoints_696,,300018,true
1384251120000,false,"Charlotte Terrace, Angel",false,BikePoints_697,,200129,true
1384774620000,false,"Hawley Crescent, Camden Town",false,BikePoints_713,,200122,true
1279115460000,false,"Stonecutter Street, Holborn",false,BikePoints_112,,001061,true
1279214760000,false,"Portugal Street, Holborn",false,BikePoints_147,,003456,true
1279800900000,false,"St. George's Square, Pimlico",false,BikePoints_294,,001195,true
1278840660000,false,"Gower Place , Euston",false,BikePoints_65,,000969,true
